Numero Punto Simulacion,Fecha,bateria terminal 1,bateria terminal 2,bateria terminal 3,bateria terminal 4,bateria terminal 5,bateria terminal 6,bateria terminal 7,bateria terminal 8,bateria terminal 9,bateria terminal 10,bateria terminal 11,bateria terminal 12,potencia terminal 1,potencia terminal 2,potencia terminal 3,potencia terminal 4,potencia terminal 5,potencia terminal 6,potencia terminal 7,potencia terminal 8,potencia terminal 9,potencia terminal 10,potencia terminal 11,potencia terminal 12,potencia red,potencia entrada sistema,potencia salida  sistema,potencia red fase R,potencia red fase S,potencia red fase T,potencia entrada sistema fase R,potencia entrada sistema fase S,potencia entrada sistema fase T,potencia salida  sistema fase R,potencia salida  sistema fase S,potencia salida  sistema fase T,
0,2023-01-01 00:20,0.700000,0.000000,0.100000,0.000000,0.000000,0.100000,0.000000,0.000000,0.100000,0.000000,0.100000,0.000000,0.000000,0.000000,0.000000,0.000000,0.000000,0.000000,0.000000,0.000000,0.000000,0.000000,0.000000,0.000000,0.000000,0.000000,0.000000,0.000000,0.000000,0.000000,0.000000,0.000000,0.000000,0.000000,0.000000,0.000000,
1,2023-01-01 00:23,0.698697,0.000000,0.100000,0.000000,0.000000,0.101628,0.000000,0.000000,0.100000,0.100000,0.100000,0.000000,-0.043422,-0.000000,0.000000,0.000000,-0.000000,0.043422,-0.000000,0.000000,0.000000,0.000000,0.000000,0.000000,-0.000000,-0.000000,0.000000,0.000000,-0.000000,0.000000,0.000000,-0.000000,0.000000,-0.000000,0.000000,-0.000000,
2,2023-01-01 00:40,0.663042,0.100000,0.100000,0.000000,0.000000,0.123808,0.000000,0.000000,0.100000,0.122390,0.100000,0.000000,-0.209740,-0.000000,0.000000,0.000000,-0.000000,0.104377,-0.000000,0.000000,0.000000,0.105363,0.000000,0.000000,-0.000000,-0.000000,0.000000,0.000000,-0.000000,0.000000,0.000000,-0.000000,0.000000,-0.000000,0.000000,-0.000000,
3,2023-01-01 01:00,0.635192,0.100000,0.100000,0.000000,0.000000,0.141114,0.000000,0.000000,0.100000,0.139896,0.100000,0.000000,-0.139247,0.000000,0.000000,0.000000,-0.000000,0.069221,-0.000000,0.000000,0.000000,0.070027,0.000000,0.000000,0.000000,0.000000,-0.000000,0.000000,-0.000000,0.000000,0.000000,-0.000000,0.000000,-0.000000,0.000000,-0.000000,
4,2023-01-01 02:00,0.547181,0.100000,0.100000,0.000000,0.000000,0.195556,0.000000,0.000000,0.100000,0.195467,0.100000,0.000000,-0.146685,0.000000,0.000000,0.000000,-0.000000,0.072590,-0.000000,0.000000,0.000000,0.074095,0.000000,0.000000,0.000000,0.000000,-0.000000,0.000000,-0.000000,0.000000,0.000000,-0.000000,0.000000,-0.000000,0.000000,-0.000000,
5,2023-01-01 02:50,0.526209,0.100000,0.100000,0.000000,0.100000,0.208661,0.000000,0.000000,0.100000,0.208578,0.100000,0.000000,-0.041944,0.000000,0.000000,0.000000,-0.000000,0.020968,-0.000000,0.000000,0.000000,0.020976,0.000000,0.000000,0.000000,0.000000,-0.000000,0.000000,-0.000000,0.000000,0.000000,-0.000000,0.000000,-0.000000,0.000000,-0.000000,
6,2023-01-01 03:00,0.495339,0.100000,0.100000,0.000000,0.899975,0.227955,0.000000,0.000000,0.100000,0.227871,0.100000,0.000000,-0.308699,0.000000,0.000000,0.000000,6.399802,0.154349,0.000000,0.000000,0.000000,0.154350,0.000000,0.000000,6.399802,6.399802,0.000000,6.399802,0.000000,0.000000,6.399802,0.000000,0.000000,0.000000,-0.000000,-0.000000,
7,2023-01-01 04:00,0.433197,0.100000,0.100000,0.000000,0.899976,0.266801,0.000000,0.000000,0.100000,0.266703,0.100000,0.000000,-0.103571,-0.000000,-0.000000,0.000000,0.000001,0.051795,-0.000000,0.000000,-0.000000,0.051776,-0.000000,0.000000,0.000000,0.000000,-0.000000,0.000000,-0.000000,-0.000000,0.000000,-0.000000,-0.000000,-0.000000,0.000000,0.000000,
8,2023-01-01 05:00,0.416683,0.100000,0.100000,0.000000,0.899976,0.277148,0.000000,0.000000,0.100000,0.276998,0.100000,0.000000,-0.027523,-0.000000,-0.000000,0.000000,0.000001,0.013796,-0.000000,0.000000,-0.000000,0.013727,-0.000000,0.000000,0.000000,0.000000,-0.000000,0.000001,-0.000000,-0.000000,0.000001,-0.000000,-0.000000,-0.000000,0.000000,0.000000,
9,2023-01-01 05:40,0.409586,0.100000,0.100000,0.000000,0.899977,0.281575,0.100000,0.000000,0.100000,0.281442,0.100000,0.000000,-0.017740,-0.000000,-0.000000,0.000000,0.000001,0.008852,-0.000000,0.000000,-0.000000,0.008888,-0.000000,0.000000,0.000000,0.000000,-0.000000,0.000000,-0.000000,-0.000000,0.000000,-0.000000,-0.000000,-0.000000,0.000000,0.000000,
10,2023-01-01 06:00,0.407565,0.100000,0.100000,0.000000,0.899977,0.282836,0.100000,0.000000,0.100000,0.282707,0.100000,0.000000,-0.010109,-0.000000,-0.000000,0.000000,0.000000,0.005048,-0.000000,0.000000,-0.000000,0.005062,-0.000000,0.000000,0.000000,0.000000,-0.000000,0.000000,-0.000000,-0.000000,0.000000,-0.000000,-0.000000,-0.000000,0.000000,0.000000,
11,2023-01-01 07:00,0.391169,0.100000,0.100000,0.000000,0.899977,0.293073,0.100000,0.000000,0.100000,0.292966,0.100000,0.000000,-0.027326,-0.000000,-0.000000,0.000000,0.000000,0.013648,-0.000000,0.000000,-0.000000,0.013678,-0.000000,0.000000,0.000000,0.000000,-0.000000,0.000000,-0.000000,-0.000000,0.000000,-0.000000,-0.000000,-0.000000,0.000000,0.000000,
12,2023-01-01 08:00,0.378023,0.100000,0.100000,0.000000,0.899977,0.301284,0.100000,0.000000,0.100000,0.301187,0.100000,0.000000,-0.021910,-0.000000,-0.000000,0.000000,0.000000,0.010948,-0.000000,0.000000,-0.000000,0.010961,-0.000000,0.000000,0.000000,0.000000,-0.000000,0.000000,-0.000000,-0.000000,0.000000,-0.000000,-0.000000,-0.000000,0.000000,0.000000,
13,2023-01-01 09:00,0.369891,0.099999,0.100000,0.000000,0.899978,0.306369,0.100000,0.000000,0.099999,0.306267,0.100000,0.000000,-0.013554,-0.000000,-0.000000,0.000000,0.000000,0.006780,-0.000000,0.000000,-0.000000,0.006774,-0.000000,0.000000,0.000000,0.000000,0.000000,0.000000,-0.000000,-0.000000,0.000000,-0.000000,-0.000000,-0.000000,0.000000,-0.000000,
14,2023-01-01 10:00,0.369817,0.099999,0.100000,0.000000,0.899978,0.306415,0.100000,0.000000,0.099999,0.306313,0.100000,0.000000,-0.000123,-0.000000,-0.000000,0.000000,0.000000,0.000062,-0.000000,0.000000,-0.000000,0.000062,-0.000000,0.000000,0.000000,0.000000,0.000000,0.000000,-0.000000,-0.000000,0.000000,-0.000000,-0.000000,-0.000000,0.000000,-0.000000,
15,2023-01-01 11:00,0.369738,0.099999,0.100000,0.000000,0.899978,0.306464,0.100000,0.000000,0.099999,0.306362,0.100000,0.000000,-0.000131,-0.000000,-0.000000,0.000000,0.000000,0.000065,-0.000000,0.000000,-0.000000,0.000065,-0.000000,0.000000,0.000000,0.000000,0.000000,0.000000,-0.000000,-0.000000,0.000000,-0.000000,-0.000000,-0.000000,0.000000,-0.000000,
16,2023-01-01 12:00,0.369653,0.099999,0.100000,0.000000,0.899979,0.306517,0.100000,0.000000,0.099999,0.306415,0.100000,0.000000,-0.000141,-0.000000,-0.000000,0.000000,0.000001,0.000071,-0.000000,0.000000,-0.000000,0.000070,-0.000000,0.000000,0.000000,0.000000,-0.000000,0.000000,-0.000000,-0.000000,0.000000,-0.000000,-0.000000,-0.000000,0.000000,0.000000,
17,2023-01-01 13:00,0.369559,0.099999,0.100000,0.000000,0.899979,0.306576,0.100000,0.000000,0.099999,0.306474,0.100000,0.000000,-0.000157,-0.000000,-0.000000,0.000000,0.000001,0.000078,-0.000000,0.000000,-0.000000,0.000078,-0.000000,0.000000,0.000000,0.000000,-0.000000,0.000000,-0.000000,-0.000000,0.000000,-0.000000,-0.000000,-0.000000,0.000000,0.000000,
18,2023-01-01 14:00,0.369452,0.099999,0.100000,0.000000,0.899979,0.306643,0.100000,0.000000,0.099999,0.306541,0.100000,0.000000,-0.000179,-0.000000,-0.000000,0.000000,0.000001,0.000090,-0.000000,0.000000,-0.000000,0.000090,-0.000000,0.000000,0.000000,0.000000,-0.000000,0.000000,-0.000000,-0.000000,0.000000,-0.000000,-0.000000,-0.000000,0.000000,0.000000,
19,2023-01-01 15:00,0.942209,0.899682,0.899682,0.000000,0.899980,0.841833,0.899682,0.000000,0.899682,0.841772,0.899682,0.000000,0.954595,1.066244,1.066243,0.000000,0.000001,0.713587,1.066242,0.000000,1.066244,0.713641,1.066243,0.000000,7.713039,7.713039,-0.000000,2.132488,2.381823,3.198727,2.132488,2.381823,3.198727,-0.000000,0.000000,-0.000000,
20,2023-01-01 16:00,0.941925,0.899682,0.899682,0.000000,0.899980,0.842011,0.899682,0.000000,0.899682,0.841949,0.899682,0.000000,-0.000473,0.000000,0.000000,0.000000,0.000001,0.000237,0.000000,0.000000,0.000000,0.000236,0.000000,0.000000,0.000001,0.000001,0.000000,0.000001,-0.000000,0.000000,0.000001,-0.000000,0.000000,-0.000000,0.000000,-0.000000,
21,2023-01-01 17:00,0.941809,0.899682,0.899682,0.000000,0.899981,0.842083,0.899682,0.000000,0.899682,0.842022,0.899682,0.000000,-0.000192,0.000000,0.000000,0.000000,0.000001,0.000096,0.000000,0.000000,0.000000,0.000096,0.000000,0.000000,0.000001,0.000001,0.000000,0.000001,-0.000000,0.000000,0.000001,-0.000000,0.000000,-0.000000,0.000000,-0.000000,
22,2023-01-01 18:00,0.941699,0.899682,0.899682,0.000000,0.899981,0.842152,0.899682,0.000000,0.899682,0.842091,0.899682,0.000000,-0.000184,-0.000000,-0.000000,0.000000,0.000000,0.000092,-0.000000,0.000000,-0.000000,0.000092,-0.000000,0.000000,0.000000,0.000000,-0.000000,0.000000,-0.000000,-0.000000,0.000000,-0.000000,-0.000000,-0.000000,0.000000,0.000000,
23,2023-01-01 19:00,0.941596,0.899682,0.899682,0.000000,0.899981,0.842216,0.899682,0.000000,0.899682,0.842155,0.899682,0.000000,-0.000172,-0.000000,-0.000000,0.000000,0.000000,0.000086,-0.000000,0.000000,-0.000000,0.000086,-0.000000,0.000000,0.000000,0.000000,-0.000000,0.000000,-0.000000,-0.000000,0.000000,-0.000000,-0.000000,-0.000000,0.000000,0.000000,
24,2023-01-01 20:00,0.941499,0.899682,0.899682,0.000000,0.899982,0.842276,0.899682,0.000000,0.899682,0.842215,0.899682,0.000000,-0.000160,-0.000000,-0.000000,0.000000,0.000000,0.000080,-0.000000,0.000000,-0.000000,0.000080,-0.000000,0.000000,0.000000,0.000000,-0.000000,0.000000,-0.000000,-0.000000,0.000000,-0.000000,-0.000000,-0.000000,0.000000,0.000000,
25,2023-01-01 21:00,0.935559,0.899682,0.899682,0.000000,0.899982,0.845972,0.899682,0.000000,0.899682,0.845945,0.899682,0.000000,-0.009901,-0.000000,-0.000000,0.000000,0.000000,0.004928,-0.000000,0.000000,-0.000000,0.004973,-0.000000,0.000000,0.000000,0.000000,-0.000000,0.000000,-0.000000,-0.000000,0.000000,-0.000000,-0.000000,-0.000000,0.000000,0.000000,
26,2023-01-01 22:00,0.900365,0.899682,0.899682,0.000000,0.899982,0.867959,0.899682,0.000000,0.899682,0.867951,0.899682,0.000000,-0.058656,-0.000000,-0.000000,0.000000,0.000000,0.029316,-0.000000,0.000000,-0.000000,0.029341,-0.000000,0.000000,0.000000,0.000000,-0.000000,0.000000,-0.000000,-0.000000,0.000000,-0.000000,-0.000000,-0.000000,0.000000,0.000000,
27,2023-01-01 22:40,0.865035,0.899682,0.899682,0.000000,0.899982,0.890037,0.899682,0.000000,0.899682,0.890035,0.899682,0.000000,-0.088325,-0.000000,-0.000000,0.000000,0.000000,0.044156,-0.000000,0.000000,-0.000000,0.044169,-0.000000,0.000000,0.000000,0.000000,-0.000000,0.000000,-0.000000,-0.000000,0.000000,-0.000000,-0.000000,-0.000000,0.000000,0.000000,
28,2023-01-01 23:00,0.849602,0.899682,0.899682,0.000000,0.899982,0.899682,0.899682,0.000000,0.899682,0.899682,0.000000,0.000000,-0.077164,-0.000000,-0.000000,0.000000,0.000000,0.038579,-0.000000,0.000000,-0.000000,0.038585,-0.000000,0.000000,0.000000,0.000000,-0.000000,0.000000,-0.000000,-0.000000,0.000000,-0.000000,-0.000000,-0.000000,0.000000,0.000000,
29,2023-01-01 23:20,0.000000,0.000000,0.000000,0.000000,0.000000,0.000000,0.000000,0.000000,0.000000,0.000000,0.000000,0.000000,0.000000,0.000000,0.000000,0.000000,0.000000,0.000000,0.000000,0.000000,0.000000,0.000000,0.000000,0.000000,0.000000,0.000000,-0.000000,0.000000,0.000000,0.000000,0.000000,0.000000,0.000000,-0.000000,-0.000000,-0.000000,
